nome;descricao
Ursulina;100
Jolyn;101
Leona;102
Clementine;103
Misha;104
Agathe;105
Clarice;106
Nanete;107
Chickie;108
Olwen;109
Talya;110
Neila;111
Lory;112
Kore;113
Shirlee;114
Leona;115
Tori;116
Netty;117
Edee;118
Morganica;119
Fernande;120
Lexine;121
Modestia;122
Kimmy;123
Florie;124
Berta;125
Flory;126
Johna;127
Maye;128
Catrina;129
Asia;130
Alexine;131
Malina;132
Fernande;133
Nanete;134
Annabela;135
Eve;136
Nannie;137
Anestassia;138
Linet;139
Carree;140
Sashenka;141
Amii;142
Odessa;143
Lisette;144
Jillayne;145
Gretal;146
Dolli;147
Jinny;148
Millie;149
Delilah;150
Joane;151
Tera;152
Ernesta;153
Veda;154
Lory;155
Ada;156
Lizzie;157
Frieda;158
Brena;159
Sissy;160
Alisha;161
Raquela;162
Kylynn;163
Joy;164
Fina;165
Ileana;166
Raf;167
Lynde;168
Gilligan;169
Aurelie;170
Shauna;171
Elsie;172
Genevra;173
Collen;174
Ruthe;175
Nanete;176
Sheelagh;177
Paola;178
Rayna;179
Monika;180
Tressa;181
Babita;182
Sindee;183
Vonny;184
Latisha;185
Ada;186
Mireielle;187
Ricky;188
Gertrud;189
Penelopa;190
Konstance;191
Tobe;192
Sherrie;193
Celestyna;194
Georgetta;195
Madeleine;196
Elmira;197
Emmey;198
Briney;199
Fredericka;200
Kathy;201
Cissiee;202
Hannis;203
Juliane;204
Imojean;205
Shell;206
Eugine;207
Elena;208
Sean;209
Ofilia;210
Elvira;211
Valli;212
Max;213
Kara-Lynn;214
Morganica;215
Emma;216
Noelle;217
Brietta;218
Halette;219
Ketti;220
Briney;221
Wanda;222
Fina;223
Trixi;224
Adriana;225
Carmela;226
Katleen;227
Kellen;228
Lory;229
Teddie;230
Aaren;231
Dulce;232
Aubrie;233
Gusty;234
Randa;235
Sybille;236
Rhea;237
Collen;238
Caressa;239
Candi;240
Thalia;241
Iseabal;242
Tierney;243
Elena;244
Donnie;245
Susette;246
Karina;247
Rhea;248
Raf;249
Allis;250
Maryellen;251
Drucie;252
Cristine;253
Caryl;254
Loree;255
Dagmar;256
Fanchon;257
Tracey;258
Karlee;259
Cacilie;260
Dede;261
Starla;262
Louella;263
Meg;264
Cecile;265
Merry;266
Eugine;267
Joy;268
Joy;269
Inga;270
Molli;271
Christy;272
Ardys;273
Ileana;274
Malina;275
Emilia;276
Marika;277
Giustina;278
Gui;279
Lorenza;280
Theodora;281
Penelopa;282
Mamie;283
Ardys;284
Chickie;285
Meghann;286
Desirae;287
Lelah;288
Cyb;289
Layla;290
Romona;291
Sam;292
Ann-Marie;293
Kylynn;294
Kial;295
Dari;296
Steffane;297
Penelopa;298
Nonnah;299
Starla;300
Annaliese;301
Eolanda;302
Aubrie;303
Blondelle;304
Meriel;305
Calla;306
Frieda;307
Philis;308
Sean;309
Merrie;310
Dianemarie;311
Cassondra;312
Brianna;313
Jobi;314
Lulita;315
Raf;316
Vanessa;317
Kore;318
Lucy;319
Florencia;320
Emilia;321
Sue;322
Antonietta;323
Meg;324
Aaren;325
Yolane;326
Eve;327
Ketti;328
Teddie;329
Mureil;330
Mary;331
Rosaline;332
Jillayne;333
Yetty;334
Livvyy;335
Clo;336
Lory;337
Regina;338
Lisette;339
Leia;340
Maurene;341
Vinita;342
Philis;343
Viviene;344
Edyth;345
Tomasina;346
Frieda;347
Gwyneth;348
Kalina;349
Madalyn;350
Ayn;351
Zondra;352
Betta;353
Nita;354
Christy;355
Leona;356
Hettie;357
Bibby;358
Nelle;359
Laurene;360
Anestassia;361
Kaja;362
Luci;363
Aubrie;364
Ronna;365
Rochette;366
Correy;367
Sidoney;368
Imojean;369
Rosaline;370
Nataline;371
Cissiee;372
Reeba;373
Kirstin;374
Emmey;375
Fidelia;376
Konstance;377
Gerianna;378
Loree;379
Sean;380
Selma;381
Lusa;382
Amalie;383
Caryl;384
Jenilee;385
Quintina;386
Margette;387
Ellette;388
Ada;389
Adele;390
Katleen;391
Sindee;392
Zaria;393
Roseline;394
Viviene;395
Helena;396
Babita;397
Ruthe;398
Etta;399
Kimmy;400
Fayre;401
Ivett;402
Reeba;403
Andeee;404
Kirbee;405
Corina;406
Nelle;407
Heddie;408
Marnia;409
Annecorinne;410
Melodie;411
Edith;412
Ezmeralda;413
Amelia;414
Blondelle;415
Penelopa;416
Allyce;417
Tori;418
Madalyn;419
Annabela;420
Dulce;421
Roberta;422
Madeleine;423
Hannis;424
Morganica;425
Maurene;426
Dacia;427
Xylina;428
Chastity;429
Marnia;430
Moyna;431
Phylis;432
Lila;433
Ana;434
Myriam;435
Neila;436
Glenda;437
Basia;438
Thalia;439
Aaren;440
Bill;441
Ellette;442
Sandie;443
Nollie;444
Ricky;445
Ofilia;446
Charmaine;447
Penelopa;448
Lacie;449
Genevra;450
Norine;451
Petronia;452
Bee;453
Tani;454
Edyth;455
Dotty;456
Glenda;457
Linzy;458
Riannon;459
Tierney;460
Livvyy;461
Leanna;462
Lyssa;463
Sashenka;464
Hildegaard;465
Fayre;466
Genevra;467
Sadie;468
Dominga;469
Jessy;470
Blinni;471
Kary;472
Etta;473
Felice;474
Lynea;475
Nanete;476
Petronia;477
Dulce;478
Marjie;479
Ernesta;480
Tressa;481
Aurelie;482
Sashenka;483
Laure;484
Elvira;485
Tori;486
Celene;487
Madeleine;488
Jessy;489
Catharine;490
Deirdre;491
Gloria;492
Edith;493
Dolli;494
Viki;495
Cissiee;496
Stacey;497
Meghann;498
Zondra;499
Meg;500
Daryl;501
Nataline;502
Teriann;503
Madelle;504
Ilse;505
Ethel;506
Wanda;507
Glenda;508
Yvonne;509
Gertrud;510
Aeriela;511
Deloria;512
Atlanta;513
Maye;514
Winifred;515
Giustina;516
Morganica;517
Gui;518
Nita;519
Basia;520
Tatiania;521
Christal;522
Shannah;523
Roseline;524
Jackie;525
Camile;526
Minne;527
Jasmina;528
Britni;529
Maye;530
Rosanne;531
Averyl;532
Marcy;533
Joleen;534
Taffy;535
Felice;536
Nessie;537
Maisey;538
Brynna;539
Tamqrah;540
Cecile;541
Kalina;542
Viviene;543
Daune;544
Hannis;545
Betta;546
Sherrie;547
Katuscha;548
Kenna;549
Meg;550
Lita;551
Chastity;552
Annice;553
Annaliese;554
Shaylyn;555
Jenda;556
Abbie;557
Quintina;558
Bertine;559
Antonietta;560
Kirstin;561
Rubie;562
Lacie;563
Chastity;564
Tamqrah;565
Sissy;566
Cristine;567
Wilma;568
Shandie;569
Corene;570
Jeanna;571
Mady;572
Di;573
Merle;574
Dorothy;575
Asia;576
Carlie;577
Brooks;578
Sean;579
Dominga;580
Glynnis;581
Marjie;582
Ekaterina;583
Vere;584
Beverley;585
Yetty;586
Marguerite;587
Ardys;588
Genevra;589
Lynnea;590
Adele;591
Viki;592
Lusa;593
Aurore;594
Annabela;595
Sallie;596
Sissy;597
Alia;598
Kamilah;599
Louella;600
Fidelia;601
Josephine;602
Audrie;603
Pearline;604
Lyssa;605
Babita;606
Tiffie;607
Nyssa;608
Ronna;609
Madeleine;610
Kaja;611
Addia;612
Sibella;613
Brianna;614
Meghann;615
Felice;616
Lindie;617
Hayley;618
Marinna;619
Cassondra;620
Cissiee;621
Lucille;622
Lorenza;623
Britni;624
Katleen;625
Sybille;626
Bertine;627
Kittie;628
Adelle;629
Zaria;630
Cathyleen;631
Kaja;632
Aeriela;633
Ardenia;634
Linet;635
Judy;636
Stephanie;637
Perry;638
Ivett;639
Roz;640
Laurene;641
Sybille;642
Berta;643
Annabela;644
Ketti;645
Adriana;646
Dari;647
Nicoli;648
Feliza;649
Emylee;650
Angelique;651
Ada;652
Hyacinthe;653
Jerry;654
Jacenta;655
Cathie;656
Giustina;657
Chrystel;658
Orsola;659
Shel;660
Carolina;661
Maryellen;662
Gwenneth;663
Anestassia;664
Adriana;665
Tobe;666
Dorothy;667
Frieda;668
Kaia;669
Anthia;670
Jemie;671
Consuela;672
Leontine;673
Yvonne;674
Tomasina;675
Allis;676
Shannah;677
Shirlee;678
Joelly;679
Beverley;680
Cacilie;681
Consuela;682
Therine;683
Ariela;684
Asia;685
Charmaine;686
Lisette;687
Kara-Lynn;688
Lorie;689
Rochette;690
Millie;691
Ann-Marie;692
Minne;693
Norine;694
Loree;695
Demetris;696
Chere;697
Coral;698
Gratia;699
Jenilee;700
Aigneis;701
Trixi;702
Sibella;703
Glynnis;704
Ardeen;705
Lexine;706
Estell;707
Roberta;708
Jean;709
Arlena;710
Dorice;711
Claresta;712
Di;713
Elena;714
Kathy;715
Bibby;716
Lenna;717
Lindie;718
Yolane;719
Christian;720
Kylynn;721
Ruthe;722
Lita;723
Ruthe;724
Carolina;725
June;726
Cristine;727
Aimil;728
Marcy;729
Talya;730
Nataline;731
Maryellen;732
Benita;733
Christy;734
Gwyneth;735
Robbi;736
Lynde;737
Lynde;738
Sonni;739
Josephine;740
Sabina;741
Clementine;742
Melina;743
Alejandra;744
Cissiee;745
Allis;746
Jenilee;747
Sophia;748
Thalia;749
Donnie;750
Glenda;751
Beth;752
Charmaine;753
Ardeen;754
Stacey;755
Fredericka;756
Cyb;757
Tybie;758
Leanna;759
Krystle;760
Lynde;761
Consuela;762
Elvira;763
Modestia;764
Lindie;765
Kittie;766
Lauryn;767
Lindie;768
Kimmy;769
Keelia;770
Consuela;771
Beth;772
Karly;773
Arlina;774
Annice;775
Hettie;776
Rosabelle;777
Libbie;778
Desirae;779
Lynea;780
Ginnie;781
Micheline;782
Dorthy;783
Gretal;784
Caritta;785
Emma;786
Viki;787
Ileana;788
Peri;789
Hope;790
Cristine;791
Sallie;792
Micheline;793
Berget;794
Starla;795
Vevay;796
Valera;797
Betta;798
Allyce;799
Catharine;800
Madelle;801
Tori;802
Aurelie;803
Maridel;804
Calla;805
Alex;806
Roslyn;807
Margette;808
Ana;809
Aurore;810
June;811
Antonietta;812
Penelopa;813
Katuscha;814
Kamilah;815
Aili;816
Ketti;817
Robinia;818
Felice;819
Kathi;820
Georgina;821
Brianna;822
Kirbee;823
Merrie;824
Collen;825
Nessie;826
Ada;827
Ingrid;828
Florie;829
Inga;830
Lelah;831
Sybille;832
Tybie;833
Keelia;834
Renae;835
Emylee;836
Giustina;837
Celestyna;838
Ericka;839
Bibby;840
Consuela;841
Delilah;842
Inga;843
Aurore;844
Meghann;845
Lita;846
Sandie;847
Sandie;848
Malina;849
Fidelia;850
Madelle;851
Allis;852
Elfreda;853
Therine;854
Jinny;855
Rosabelle;856
Juliane;857
Brana;858
Lindie;859
Marita;860
Gilligan;861
Sophia;862
Lusa;863
Sallie;864
Zia;865
Raquela;866
Annaliese;867
Teddie;868
Gale;869
Cindelyn;870
Susette;871
Corry;872
Giustina;873
Letizia;874
Kylynn;875
Nelle;876
Raina;877
Ernesta;878
Lanae;879
Katharina;880
Frieda;881
Berget;882
Kaja;883
Shandie;884
Lory;885
Romona;886
Gabriellia;887
Marleah;888
Carlie;889
Lolita;890
Maud;891
Veda;892
Carmela;893
Tracey;894
Clary;895
Larine;896
Malina;897
Gilligan;898
Jere;899
Blondelle;900
Nollie;901
Anthia;902
Alleen;903
Atlanta;904
Dorothy;905
Carree;906
Caritta;907
Leontine;908
Agnese;909
Joceline;910
Marcelline;911
Sophia;912
Mara;913
Sophia;914
Nita;915
Brooks;916
Annice;917
Mallory;918
Aryn;919
Mady;920
Libbie;921
Carlie;922
Sheelagh;923
Codie;924
Sibella;925
Cassandra;926
Lanae;927
Leia;928
Jean;929
Andree;930
Minne;931
Chrystel;932
Rosene;933
Carilyn;934
Letizia;935
Leona;936
Kara-Lynn;937
Dyann;938
Beverley;939
Ardenia;940
Gianina;941
Daryl;942
Nataline;943
Alisha;944
Briney;945
Shel;946
Eadie;947
Mary;948
Dulcinea;949
Tersina;950
Ada;951
Raina;952
Agnese;953
Dode;954
Nananne;955
Karolina;956
Nariko;957
Ashlee;958
Joceline;959
Addia;960
Hallie;961
Charlena;962
Harrietta;963
Raquela;964
Correy;965
Monika;966
Tobe;967
Ardys;968
Lizzie;969
Cyb;970
Flo;971
Georgetta;972
Nollie;973
Leia;974
Jasmina;975
Vonny;976
Alleen;977
Ottilie;978
Charissa;979
Hyacinthe;980
Emma;981
Oona;982
Desirae;983
Darlleen;984
Carilyn;985
Cristabel;986
Fredericka;987
Raina;988
Cacilie;989
Kate;990
Dulce;991
Natka;992
Hallie;993
Ericka;994
Dacia;995
Felice;996
Brianna;997
Chickie;998
Roslyn;999
Georgina;1000
Ethel;1001
Joleen;1002
Giustina;1003
Nollie;1004
Cassondra;1005
Ann-Marie;1006
Alameda;1007
Corry;1008
Pamella;1009
Laurene;1010
Phedra;1011
Bettine;1012
Carmela;1013
Jacquetta;1014
Karlee;1015
Jennica;1016
Maridel;1017
Aurore;1018
Sallie;1019
Emmey;1020
Deane;1021
Joy;1022
Darci;1023
Kassey;1024
Elvira;1025
Kittie;1026
Zondra;1027
Lily;1028
Lusa;1029
Linzy;1030
Sherrie;1031
Nelle;1032
Vonny;1033
Tani;1034
Sean;1035
Fredericka;1036
Reeba;1037
Lynnea;1038
Allyce;1039
Clary;1040
Vevay;1041
Vonny;1042
Cecile;1043
Jaime;1044
Gwyneth;1045
Caryl;1046
Amalie;1047
Lesly;1048
Henriette;1049
Orelia;1050
Shandie;1051
Belva;1052
Averyl;1053
Lusa;1054
Vita;1055
Jillayne;1056
Hannis;1057
Tilly;1058
Kathy;1059
Roberta;1060
Diena;1061
Ardeen;1062
Flo;1063
Orsola;1064
Annora;1065
Gisela;1066
Sarette;1067
Addia;1068
Jasmina;1069
Grier;1070
Emilia;1071
Dotty;1072
Jacenta;1073
Konstance;1074
Elbertina;1075
Annaliese;1076
Nariko;1077
Christian;1078
Nataline;1079
Vivia;1080
Kaia;1081
Kittie;1082
Calla;1083
Sheree;1084
Concettina;1085
Fanny;1086
Leeanne;1087
Jsandye;1088
Eve;1089
Christal;1090
Millie;1091
Cristine;1092
Nikki;1093
Lanae;1094
Ebonee;1095
Bernie;1096
Renie;1097
Millie;1098
Madelle;1099